stage,targets,target_hp_base,target_reward_base,assumed_force,assumed_tempo,nominal_dps,next_upgrade_cost,ideal_shooting_seconds
1,44,140.00,16.00,0,0,148.39,46.00,47.74
2,72,180.60,22.99,3,3,228.75,117.00,65.37
3,62,232.97,33.02,6,6,339.95,298.00,48.86
4,68,300.54,47.44,9,9,492.38,757.00,47.73
5,72,387.69,68.16,12,12,699.66,1925.00,45.88
6,40,500.12,97.91,15,15,979.70,4895.00,23.48
7,66,645.16,140.67,18,18,1355.86,12449.00,36.12
8,76,832.25,202.09,21,21,1858.66,31662.00,39.14
9,80,1073.61,290.32,24,24,2527.89,80527.00,39.07
10,84,1384.95,417.09,27,27,3415.25,204805.00,39.17
